{
    "1": {
        "led": {},
        "pos": [
            0.0,
            0.0,
            0.2
        ]
    },
    "2": {
        "led": {},
        "pos": [
            0.0,
            0.0,
            0.2
        ]
    },
    "3": {
        "led": {},
        "pos": [
            0.0,
            0.0,
            0.20042604161426425
        ]
    },
    "4": {
        "led": {},
        "pos": [
            0.0,
            0.0,
            0.20168469026684763
        ]
    },
    "5": {
        "led": {},
        "pos": [
            0.0,
            0.0,
            0.20374673120677472
        ]
    },
    "6": {
        "led": {},
        "pos": [
            0.0,
            0.0,
            0.20658295154571535
        ]
    },
    "7": {
        "led": {},
        "pos": [
            0.0,
            0.0,
            0.2101641356945038
        ]
    },
    "8": {
        "led": {},
        "pos": [
            0.0,
            0.0,
            0.21446106880903246
        ]
    },
    "9": {
        "led": {},
        "pos": [
            0.0,
            0.0,
            0.2194445386528969
        ]
    },
    "10": {
        "led": {},
        "pos": [
            0.0,
            0.0,
            0.22508533000946046
        ]
    },
    "11": {
        "led": {},
        "pos": [
            0.0,
            0.0,
            0.2313542276620865
        ]
    },
    "12": {
        "led": {},
        "pos": [
            0.0,
            0.0,
            0.23822201192379
        ]
    },
    "13": {
        "led": {},
        "pos": [
            0.0,
            0.0,
            0.24565948843955995
        ]
    },
    "14": {
        "led": {},
        "pos": [
            0.0,
            0.0,
            0.25363741517066957
        ]
    },
    "15": {
        "led": {},
        "pos": [
            0.0,
            0.0,
            0.2621266007423401
        ]
    },
    "16": {
        "led": {},
        "pos": [
            0.0,
            0.0,
            0.2710978269577027
        ]
    },
    "17": {
        "led": {},
        "pos": [
            0.0,
            0.0,
            0.2805218517780304
        ]
    },
    "18": {
        "led": {},
        "pos": [
            0.0,
            0.0,
            0.29036951065063477
        ]
    },
    "19": {
        "led": {},
        "pos": [
            0.0,
            0.0,
            0.30061154365539555
        ]
    },
    "20": {
        "led": {},
        "pos": [
            0.0,
            0.0,
            0.31121876239776614
        ]
    },
    "21": {
        "led": {},
        "pos": [
            0.0,
            0.0,
            0.32216193675994875
        ]
    },
    "22": {
        "led": {},
        "pos": [
            0.0,
            0.0,
            0.33341186046600346
        ]
    },
    "23": {
        "led": {},
        "pos": [
            0.0,
            0.0,
            0.34493933916091923
        ]
    },
    "24": {
        "led": {},
        "pos": [
            0.0,
            0.0,
            0.3567151308059693
        ]
    },
    "25": {
        "led": {},
        "pos": [
            0.0,
            0.0,
            0.3687100410461426
        ]
    },
    "26": {
        "led": {},
        "pos": [
            0.0,
            0.0,
            0.3808948159217835
        ]
    },
    "27": {
        "led": {},
        "pos": [
            0.0,
            0.0,
            0.3932402849197388
        ]
    },
    "28": {
        "led": {},
        "pos": [
            0.0,
            0.0,
            0.4057172298431397
        ]
    },
    "29": {
        "led": {},
        "pos": [
            0.0,
            0.0,
            0.4182963848114014
        ]
    },
    "30": {
        "led": {},
        "pos": [
            0.0,
            0.0,
            0.4309486150741577
        ]
    },
    "31": {
        "led": {},
        "pos": [
            0.0,
            0.0,
            0.44364466667175295
        ]
    },
    "32": {
        "led": {},
        "pos": [
            0.0,
            0.0,
            0.45635528564453126
        ]
    },
    "33": {
        "led": {},
        "pos": [
            0.0,
            0.0,
            0.46905131340026857
        ]
    },
    "34": {
        "led": {},
        "pos": [
            0.0,
            0.0,
            0.481703519821167
        ]
    },
    "35": {
        "led": {},
        "pos": [
            0.0,
            0.0,
            0.49428274631500246
        ]
    },
    "36": {
        "led": {},
        "pos": [
            0.0,
            0.0,
            0.5067596912384034
        ]
    },
    "37": {
        "led": {},
        "pos": [
            0.0,
            0.0,
            0.5191051483154296
        ]
    },
    "38": {
        "led": {},
        "pos": [
            0.0,
            0.0,
            0.5312899351119995
        ]
    },
    "39": {
        "led": {},
        "pos": [
            0.0,
            0.0,
            0.5432848453521728
        ]
    },
    "40": {
        "led": {},
        "pos": [
            0.0,
            0.0,
            0.555060625076294
        ]
    },
    "41": {
        "led": {},
        "pos": [
            0.0,
            0.0,
            0.5665880441665649
        ]
    },
    "42": {
        "led": {},
        "pos": [
            0.0,
            0.0,
            0.5778379917144776
        ]
    },
    "43": {
        "led": {},
        "pos": [
            0.0,
            0.0,
            0.5887811660766602
        ]
    },
    "44": {
        "led": {},
        "pos": [
            0.0,
            0.0,
            0.5993884086608887
        ]
    },
    "45": {
        "led": {},
        "pos": [
            0.0,
            0.0,
            0.6096304893493653
        ]
    },
    "46": {
        "led": {},
        "pos": [
            0.0,
            0.0,
            0.6194781303405762
        ]
    },
    "47": {
        "led": {},
        "pos": [
            0.0,
            0.0,
            0.6289022445678711
        ]
    },
    "48": {
        "led": {},
        "pos": [
            0.0,
            0.0,
            0.637873363494873
        ]
    },
    "49": {
        "led": {},
        "pos": [
            0.0,
            0.0,
            0.6463626384735108
        ]
    },
    "50": {
        "led": {},
        "pos": [
            0.0,
            0.0,
            0.6543405055999756
        ]
    },
    "51": {
        "led": {},
        "pos": [
            0.0,
            0.0,
            0.6617780208587647
        ]
    },
    "52": {
        "led": {},
        "pos": [
            0.0,
            0.0,
            0.6686457633972168
        ]
    },
    "53": {
        "led": {},
        "pos": [
            0.0,
            0.0,
            0.6749145984649658
        ]
    },
    "54": {
        "led": {},
        "pos": [
            0.0,
            0.0,
            0.6805554866790772
        ]
    },
    "55": {
        "led": {},
        "pos": [
            0.0,
            0.0,
            0.6855389595031738
        ]
    },
    "56": {
        "led": {},
        "pos": [
            0.0,
            0.0,
            0.6898358345031739
        ]
    },
    "57": {
        "led": {},
        "pos": [
            0.0,
            0.0,
            0.6934170722961426
        ]
    },
    "58": {
        "led": {},
        "pos": [
            0.0,
            0.0,
            0.6962532997131348
        ]
    },
    "59": {
        "led": {},
        "pos": [
            0.0,
            0.0,
            0.6983153343200683
        ]
    },
    "60": {
        "led": {},
        "pos": [
            0.0,
            0.0,
            0.6995739936828613
        ]
    },
    "61": {
        "led": {},
        "pos": [
            0.0,
            0.0,
            0.7
        ]
    },
    "62": {
        "led": {},