{"fps": 30, "duration": 6.5294577589330585, "start_position": [0.0, 0.0, 0.6000000000000001], "segments": [{"state": "LIT", "position": [[0.0106781872994344, 0.0, 0.5991867717172414], [0.02096884860943679, 0.0, 0.5980345698146334], [0.03087918057867206, 0.0, 0.5965506697685601], [0.040416379855805123, 0.0, 0.5947423470554054], [0.04958764308950106, 0.0, 0.5926168771515535], [0.0584001669284247, 0.0, 0.5901815355333883], [0.06686114802124105, 0.0, 0.5874435976772941], [0.07497778301661495, 0.0, 0.5844103390596546], [0.08275726856321136, 0.0, 0.5810890351568537], [0.0902068013096955, 0.0, 0.5774869614452762], [0.0973335779047319, 0.0, 0.5736113934013052], [0.10414479499698576, 0.0, 0.5694696065013253], [0.11064764923512205, 0.0, 0.5650688762217206], [0.1168493372678055, 0.0, 0.5604164780388746], [0.12275705574370127, 0.0, 0.5555196874291718], [0.12837800131147425, 0.0, 0.5503857798689961], [0.13371937061978934, 0.0, 0.5450220308347313], [0.1387883603173114, 0.0, 0.5394357158027618], [0.14359216705270567, 0.0, 0.5336341102494716], [0.1481379874746367, 0.0, 0.5276244896512445], [0.1524330182317697, 0.0, 0.5214141294844644], [0.1564844559727696, 0.0, 0.515010305225516], [0.16029949734630122, 0.0, 0.5084202923507827], [0.16388533900102964, 0.0, 0.5016513663366488], [0.1672491775856197, 0.0, 0.49471080265949813], [0.17039820974873648, 0.0, 0.48760587679571504], [0.17333963213904485, 0.0, 0.48034386422168324], [0.17608064140520968, 0.0, 0.47293204041378706], [0.17862843419589597, 0.0, 0.46537768084841025], [0.1809902071597687, 0.0, 0.45768806100193693], [0.1831731569454928, 0.0, 0.44987045635075135], [0.18518448020173317, 0.0, 0.4419321423712373], [0.18703137357715488, 0.0, 0.43388039453977884], [0.18872103372042265, 0.0, 0.42572248833276005], [0.19026065728020164, 0.0, 0.41746569922656496], [0.19165744090515674, 0.0, 0.40911730269757757], [0.19291858124395278, 0.0, 0.4006845742221819], [0.19405127494525487, 0.0, 0.39217478927676214], [0.19506271865772778, 0.0, 0.3835952233377021], [0.1959601090300367, 0.0, 0.374953151881386], [0.1967506427108464, 0.0, 0.3662558503841977], [0.19744151634882173, 0.0, 0.3575105943225213], [0.19803992659262787, 0.0, 0.348724659172741], [0.19855307009092965, 0.0, 0.3399053204112405], [0.1989881434923919, 0.0, 0.33105985351440403], [0.1993523434456798, 0.0, 0.32219553395861567], [0.1996528665994583, 0.0, 0.3133196372202594], [0.1998969096023921, 0.0, 0.30443943877571916], [0.2000913075583124, 0.0, 0.2955621846630097], [0.2002345800398727, 0.0, 0.2866944438376477], [0.20031693108854864, 0.0, 0.27784210817265226], [0.20032820320098216, 0.0, 0.269011040102673], [0.20025823887381472, 0.0, 0.26020710206235964], [0.20009688060368874, 0.0, 0.2514361564863617], [0.1998339708872457, 0.0, 0.24270406580932893], [0.1994593522211276, 0.0, 0.23401669246591086], [0.19896286710197614, 0.0, 0.22537989889075702], [0.19833435802643334, 0.0, 0.21679954751851727], [0.19756366749114096, 0.0, 0.20828150078384108], [0.196640637992741, 0.0, 0.199831621121378], [0.19555511202787507, 0.0, 0.19145577096577787], [0.19429693209318527, 0.0, 0.1831598127516902], [0.19285594068531325, 0.0, 0.1749496089137645], [0.19122198030090093, 0.0, 0.16683102188665058], [0.1893848934365902, 0.0, 0.158809914104998], [0.18733452258902294, 0.0, 0.15089214800345632], [0.1850607102548409, 0.0, 0.14308358601667526], [0.18255329893068606, 0.0, 0.13539009057930446], [0.17980213111320015, 0.0, 0.12781752412599334], [0.17679704929902512, 0.0, 0.1203717490913918], [0.17352789598480284, 0.0, 0.11305862791014931], [0.16998451366717499, 0.0, 0.10588402301691546], [0.1661567448427836, 0.0, 0.09885379684634], [0.16203443200827045, 0.0, 0.09197381183307249], [0.15760741766027736, 0.0, 0.08524993041176247], [0.15286554429544635, 0.0, 0.07868801501705973], [0.147798995136877, 0.0, 0.07229403107642209], [0.14240934018152684, 0.0, 0.06607738594495921], [0.13671194756440846, 0.0, 0.06005165779855125], [0.13072301400456227, 0.0, 0.054230675272630084], [0.12445873622102865, 0.0, 0.048628267002627616], [0.11793531093284809, 0.0, 0.04325826162397589], [0.11116893485906104, 0.0, 0.03813448777210678], [0.1041758047187078, 0.0, 0.033270774082452194], [0.09697211723082899, 0.0, 0.028680949190444154], [0.08957406911446497, 0.0, 0.02437884173151455], [0.08199785708865609, 0.0, 0.02037828034109527], [0.07425967787244286, 0.0, 0.016693093654618348], [0.06637572818486581, 0.0, 0.01333711030751569], [0.05836220474496512, 0.0, 0.010324158935219175], [0.05023530427178147, 0.0, 0.007668068173160829], [0.042011223484355265, 0.0, 0.0053826666567725525], [0.033706159101726724, 0.0, 0.0034817830214862607], [0.02533630784293664, 0.0, 0.0019792459027339355], [0.016917866427025197, 0.0, 0.0008888839359474865], [0.008467031573032746, 0.0, 0.0002245257565588577], [0.0, 0.0, -4.2739019490073784e-18], [-0.008467031573032718, 0.0, 0.000224525756558851], [-0.01691786642702503, 0.0, 0.0008888839359474646], [-0.0253363078429365, 0.0, 0.0019792459027338986], [-0.033706159101726835, 0.0, 0.003481783021486252], [-0.04201122348435524, 0.0, 0.005382666656772518], [-0.05023530427178144, 0.0, 0.007668068173160795], [-0.05836220474496506, 0.0, 0.010324158935219131], [-0.06637572818486559, 0.0, 0.013337110307515599], [-0.0742596778724427, 0.0, 0.016693093654618255], [-0.08199785708865605, 0.0, 0.020378280341095248], [-0.08957406911446485, 0.0, 0.024378841731514476], [-0.09697211723082888, 0.0, 0.028680949190444078], [-0.10417580471870769, 0.0, 0.03327077408245211], [-0.11116893485906085, 0.0, 0.03813448777210665], [-0.1179353109328479, 0.0, 0.043258261623975745], [-0.12445873622102858, 0.0, 0.048628267002627575], [-0.13072301400456215, 0.0, 0.054230675272629994], [-0.13671194756440833, 0.0, 0.060051657798551136], [-0.14240934018152668, 0.0, 0.06607738594495909], [-0.14779899513687675, 0.0, 0.0722940310764219], [-0.15286554429544613, 0.0, 0.07868801501705952], [-0.15760741766027728, 0.0, 0.08524993041176242], [-0.1620344320082703, 0.0, 0.09197381183307235], [-0.16615674484278342, 0.0, 0.09885379684633985], [-0.16998451366717482, 0.0, 0.10588402301691531], [-0.17352789598480262, 0.0, 0.11305862791014909], [-0.17679704929902496, 0.0, 0.12037174909139156], [-0.17980213111320006, 0.0, 0.12781752412599326], [-0.18255329893068595, 0.0, 0.1353900905793043], [-0.1850607102548408, 0.0, 0.14308358601667512], [-0.1873345225890228, 0.0, 0.15089214800345613], [-0.1893848934365901, 0.0, 0.15880991410499773], [-0.1912219803009008, 0.0, 0.16683102188665033], [-0.1928559406853131, 0.0, 0.1749496089137642], [-0.19429693209318513, 0.0, 0.18315981275169], [-0.19555511202787498, 0.0, 0.19145577096577768], [-0.19664063799274087, 0.0, 0.1998316211213778], [-0.19756366749114093, 0.0, 0.20828150078384078], [-0.19833435802643326, 0.0, 0.21679954751851696], [-0.19896286710197608, 0.0, 0.22537989889075674], [-0.19945935222112748, 0.0, 0.23401669246591064], [-0.19983397088724564, 0.0, 0.2427040658093287], [-0.2000968806036887, 0.0, 0.25143615648636153], [-0.20025823887381475, 0.0, 0.26020710206235936], [-0.20032820320098202, 0.0, 0.26901104010267274], [-0.20031693108854862, 0.0, 0.2778421081726519], [-0.20023458003987268, 0.0, 0.28669444383764753], [-0.2000913075583124, 0.0, 0.2955621846630095], [-0.19989690960239204, 0.0, 0.304439438775719], [-0.19965286659945825, 0.0, 0.31331963722025913], [-0.1993523434456799, 0.0, 0.3221955339586154], [-0.198988143492392, 0.0, 0.3310598535144038], [-0.19855307009092965, 0.0, 0.33990532041124033], [-0.1980399265926279, 0.0, 0.34872465917274087], [-0.1974415163488218, 0.0, 0.3575105943225212], [-0.19675064271084636, 0.0, 0.36625585038419756], [-0.19596010903003672, 0.0, 0.3749531518813858], [-0.19506271865772787, 0.0, 0.38359522333770196], [-0.19405127494525487, 0.0, 0.39217478927676214], [-0.1929185812439528, 0.0, 0.4006845742221819], [-0.19165744090515674, 0.0, 0.4091173026975775], [-0.1902606572802017, 0.0, 0.4174656992265648], [-0.18872103372042273, 0.0, 0.42572248833276], [-0.1870313735771549, 0.0, 0.43388039453977867], 